[{"name":"10,000 Latkes","startTime":1489365870913,"endTime":1489369368446,"img":"https://source.unsplash.com/random"},{"name":"24 Carrot Seven","startTime":1489297685868,"endTime":1489301760055,"img":"https://source.unsplash.com/random"},{"name":"25,000 Mile Stones","startTime":1489338541392,"endTime":1489340120072,"img":"https://source.unsplash.com/random"},{"name":"29 Psalms for 29 Palms","startTime":1489311121537,"endTime":1489316146932,"img":"https://source.unsplash.com/random"},{"name":"A Gathering of Hunters","startTime":1489369836214,"endTime":1489377452416,"img":"https://source.unsplash.com/random"},{"name":"Act Out Your Age","startTime":1489307377020,"endTime":1489313399043,"img":"https://source.unsplash.com/random"},{"name":"Adventure Camping","startTime":1489300660941,"endTime":1489308097686,"img":"https://source.unsplash.com/random"},{"name":"Advertising Nauseum","startTime":1489356350292,"endTime":1489365578803,"img":"https://source.unsplash.com/random"},{"name":"Aesthetic Bug Gloss","startTime":1489360347232,"endTime":1489361824661,"img":"https://source.unsplash.com/random"},{"name":"Air Fair","startTime":1489319033600,"endTime":1489320992852,"img":"https://source.unsplash.com/random"},{"name":"Alanonymous","startTime":1489357288689,"endTime":1489357351580,"img":"https://source.unsplash.com/random"},{"name":"Amagansett Go Around","startTime":1489304473364,"endTime":1489311587514,"img":"https://source.unsplash.com/random"},{"name":"Amateur Barber Night","startTime":1489322358393,"endTime":1489330298687,"img":"https://source.unsplash.com/random"},{"name":"An Arbor Day to Remember","startTime":1489296389910,"endTime":1489303136445,"img":"https://source.unsplash.com/random"},{"name":"Antisocial Darwinism","startTime":1489326602958,"endTime":1489330547656,"img":"https://source.unsplash.com/random"},{"name":"Apathesis","startTime":1489320497100,"endTime":1489331033704,"img":"https://source.unsplash.com/random"},{"name":"Apocalypso","startTime":1489338450896,"endTime":1489341188615,"img":"https://source.unsplash.com/random"},{"name":"Aria Safari","startTime":1489316542467,"endTime":1489321848102,"img":"https://source.unsplash.com/random"},{"name":"Arise and Shinola","startTime":1489356432444,"endTime":1489361378811,"img":"https://source.unsplash.com/random"},{"name":"Aromastotle","startTime":1489349632668,"endTime":1489352518681,"img":"https://source.unsplash.com/random"},{"name":"Ass Texas","startTime":1489300638875,"endTime":1489302496312,"img":"https://source.unsplash.com/random"},{"name":"Attila the Humm","startTime":1489293335447,"endTime":1489299208403,"img":"https://source.unsplash.com/random"},{"name":"Aurora Tori Spelling","startTime":1489299788250,"endTime":1489302117874,"img":"https://source.unsplash.com/random"},{"name":"Away we golf","startTime":1489281822370,"endTime":1489287254251,"img":"https://source.unsplash.com/random"},{"name":"Bali Who","startTime":1489370875317,"endTime":1489380395513,"img":"https://source.unsplash.com/random"},{"name":"Balls of the Bull Festival","startTime":1489361628593,"endTime":1489367368344,"img":"https://source.unsplash.com/random"},{"name":"Basking Bingo","startTime":1489298417527,"endTime":1489308540594,"img":"https://source.unsplash.com/random"},{"name":"Beauteous Maximus","startTime":1489369118482,"endTime":1489375999195,"img":"https://source.unsplash.com/random"},{"name":"Bébé Boom","startTime":1489345177651,"endTime":1489348586813,"img":"https://source.unsplash.com/random"},{"name":"Belch Blanket Babylon","startTime":1489298959796,"endTime":1489307970410,"img":"https://source.unsplash.com/random"},{"name":"Belfascinating Rhythm","startTime":1489324494405,"endTime":1489325992687,"img":"https://source.unsplash.com/random"},{"name":"Belfast United in Song","startTime":1489355738252,"endTime":1489362812673,"img":"https://source.unsplash.com/random"},{"name":"Bella Outdoors","startTime":1489364751016,"endTime":1489365442899,"img":"https://source.unsplash.com/random"},{"name":"Below the Beltway","startTime":1489380009313,"endTime":1489387200946,"img":"https://source.unsplash.com/random"},{"name":"Bible Quest","startTime":1489330779751,"endTime":1489339234333,"img":"https://source.unsplash.com/random"},{"name":"Blog a Thong","startTime":1489285382654,"endTime":1489290849609,"img":"https://source.unsplash.com/random"},{"name":"Blog-a-Thon","startTime":1489348734626,"endTime":1489354467761,"img":"https://source.unsplash.com/random"},{"name":"Blueberry Jam","startTime":1489349608720,"endTime":1489360292656,"img":"https://source.unsplash.com/random"},{"name":"Bong-a-Thon","startTime":1489317662237,"endTime":1489323807811,"img":"https://source.unsplash.com/random"},{"name":"Book Bound","startTime":1489379571284,"endTime":1489389023012,"img":"https://source.unsplash.com/random"},{"name":"Book Trials","startTime":1489313606217,"endTime":1489323038440,"img":"https://source.unsplash.com/random"},{"name":"Bora Bora Boar Hunt","startTime":1489370048956,"endTime":1489376085582,"img":"https://source.unsplash.com/random"},{"name":"Boston Fantastic","startTime":1489381514182,"endTime":1489388650591,"img":"https://source.unsplash.com/random"},{"name":"Bowels and Whistles","startTime":1489296744399,"endTime":1489301999194,"img":"https://source.unsplash.com/random"},{"name":"Brand Royalty","startTime":1489319248901,"endTime":1489319514246,"img":"https://source.unsplash.com/random"},{"name":"Break a Peg Leg","startTime":1489286239618,"endTime":1489289090339,"img":"https://source.unsplash.com/random"},{"name":"Bring Pluto Back!","startTime":1489285004945,"endTime":1489288325292,"img":"https://source.unsplash.com/random"},{"name":"Bring Your Boss Home From Work Day","startTime":1489371586733,"endTime":1489377147476,"img":"https://source.unsplash.com/random"},{"name":"Bring Your Ex-Spouse to Work Day","startTime":1489342956649,"endTime":1489343042033,"img":"https://source.unsplash.com/random"},{"name":"Bring Your Mother-in-Law to Work Day","startTime":1489284325984,"endTime":1489285957024,"img":"https://source.unsplash.com/random"},{"name":"Broncomania","startTime":1489311669090,"endTime":1489320368404,"img":"https://source.unsplash.com/random"},{"name":"Brooklyn Bums Boogie the night away","startTime":1489283003621,"endTime":1489286908849,"img":"https://source.unsplash.com/random"},{"name":"Buffalo Roman","startTime":1489316944562,"endTime":1489327024066,"img":"https://source.unsplash.com/random"},{"name":"Burn It On!","startTime":1489287320595,"endTime":1489290336634,"img":"https://source.unsplash.com/random"},{"name":"Burn on the Fourth of July","startTime":1489357022422,"endTime":1489365809911,"img":"https://source.unsplash.com/random"},{"name":"Bustin’ Britches Whiskeyfest","startTime":1489347936017,"endTime":1489356954485,"img":"https://source.unsplash.com/random"},{"name":"Buzzplosion","startTime":1489306547271,"endTime":1489317313019,"img":"https://source.unsplash.com/random"},{"name":"Cabbage Training","startTime":1489294524222,"endTime":1489301359706,"img":"https://source.unsplash.com/random"},{"name":"CactiDance","startTime":1489322878793,"endTime":1489326105500,"img":"https://source.unsplash.com/random"},{"name":"Call it Green","startTime":1489347153278,"endTime":1489352433666,"img":"https://source.unsplash.com/random"},{"name":"Camp Grandmada","startTime":1489331508246,"endTime":1489337159489,"img":"https://source.unsplash.com/random"},{"name":"Campxotica","startTime":1489314108627,"endTime":1489317582714,"img":"https://source.unsplash.com/random"},{"name":"Candidate For a Day","startTime":1489328933672,"endTime":1489330806707,"img":"https://source.unsplash.com/random"},{"name":"Candle Opera","startTime":1489309474519,"endTime":1489315316028,"img":"https://source.unsplash.com/random"},{"name":"Candlelight Virgil","startTime":1489342620227,"endTime":1489351059161,"img":"https://source.unsplash.com/random"},{"name":"Candy Candy!","startTime":1489289244324,"endTime":1489291360742,"img":"https://source.unsplash.com/random"},{"name":"Career Cast","startTime":1489319908579,"endTime":1489325312567,"img":"https://source.unsplash.com/random"},{"name":"Caribbean Bottleneck","startTime":1489344885235,"endTime":1489352614292,"img":"https://source.unsplash.com/random"},{"name":"Catholics and Protestants Untie","startTime":1489351833055,"endTime":1489358985169,"img":"https://source.unsplash.com/random"},{"name":"Celebrity Palsy","startTime":1489296649708,"endTime":1489302697607,"img":"https://source.unsplash.com/random"},{"name":"Centigrand","startTime":1489348775853,"endTime":1489354738231,"img":"https://source.unsplash.com/random"},{"name":"Chapter Elvis","startTime":1489358732614,"endTime":1489368100468,"img":"https://source.unsplash.com/random"},{"name":"Cheering Larry","startTime":1489349902040,"endTime":1489357958977,"img":"https://source.unsplash.com/random"},{"name":"Chewing Guam","startTime":1489291860239,"endTime":1489301428400,"img":"https://source.unsplash.com/random"},{"name":"Chillennium","startTime":1489283555241,"endTime":1489290440383,"img":"https://source.unsplash.com/random"},{"name":"Chiropractic Sojourn","startTime":1489374039692,"endTime":1489383302562,"img":"https://source.unsplash.com/random"},{"name":"Christmas PeaceFest 2001","startTime":1489351936610,"endTime":1489359619341,"img":"https://source.unsplash.com/random"},{"name":"Christmas Together","startTime":1489378940545,"endTime":1489384074434,"img":"https://source.unsplash.com/random"},{"name":"Circuitship","startTime":1489329599474,"endTime":1489336401413,"img":"https://source.unsplash.com/random"},{"name":"CircusRodeo","startTime":1489373777123,"endTime":1489383017949,"img":"https://source.unsplash.com/random"},{"name":"Citroën to the Boën","startTime":1489344615232,"endTime":1489345472029,"img":"https://source.unsplash.com/random"},{"name":"Club Hell Yea","startTime":1489367551712,"endTime":1489371870203,"img":"https://source.unsplash.com/random"},{"name":"Coffee Dreamtime","startTime":1489282225008,"endTime":1489286415378,"img":"https://source.unsplash.com/random"},{"name":"Coffee Rodeo","startTime":1489331529069,"endTime":1489336691933,"img":"https://source.unsplash.com/random"},{"name":"Coffee RoundUp","startTime":1489305441137,"endTime":1489314585626,"img":"https://source.unsplash.com/random"},{"name":"Coffee Tsunami","startTime":1489346624478,"endTime":1489352664541,"img":"https://source.unsplash.com/random"},{"name":"Coffee World","startTime":1489344215685,"endTime":1489354972040,"img":"https://source.unsplash.com/random"},{"name":"Coffeebration","startTime":1489301427020,"endTime":1489310579541,"img":"https://source.unsplash.com/random"},{"name":"Coffee-Go-Round","startTime":1489372333910,"endTime":1489381929922,"img":"https://source.unsplash.com/random"},{"name":"Colony Clutch","startTime":1489369761106,"endTime":1489378810500,"img":"https://source.unsplash.com/random"},{"name":"Comcentric","startTime":1489340541688,"endTime":1489348269307,"img":"https://source.unsplash.com/random"},{"name":"Condimantra","startTime":1489285065720,"endTime":1489286503514,"img":"https://source.unsplash.com/random"},{"name":"Contortionist’s Training Camp","startTime":1489377109510,"endTime":1489379858553,"img":"https://source.unsplash.com/random"},{"name":"Conundrum Grand","startTime":1489346410703,"endTime":1489354835879,"img":"https://source.unsplash.com/random"},{"name":"Cookie Pagent","startTime":1489353777460,"endTime":1489359601046,"img":"https://source.unsplash.com/random"},{"name":"Corn Dog Social","startTime":1489343286420,"endTime":1489349928239,"img":"https://source.unsplash.com/random"},{"name":"Corn Doggery","startTime":1489326608875,"endTime":1489333924996,"img":"https://source.unsplash.com/random"},{"name":"Corn-Fed Beef Bowl","startTime":1489359528427,"endTime":1489369580732,"img":"https://source.unsplash.com/random"},{"name":"Cosmetallic","startTime":1489316108214,"endTime":1489318349366,"img":"https://source.unsplash.com/random"},{"name":"Coup de Veal","startTime":1489293287660,"endTime":1489300676130,"img":"https://source.unsplash.com/random"},{"name":"Coupe de Troupe","startTime":1489281817646,"endTime":1489281828370,"img":"https://source.unsplash.com/random"},{"name":"Cubicide","startTime":1489350355294,"endTime":1489360031036,"img":"https://source.unsplash.com/random"},{"name":"Cubicle Wars","startTime":1489335722404,"endTime":1489336897127,"img":"https://source.unsplash.com/random"},{"name":"Dada Dwiddle","startTime":1489300513011,"endTime":1489303727591,"img":"https://source.unsplash.com/random"},{"name":"Dancalicious","startTime":1489363300268,"endTime":1489366978057,"img":"https://source.unsplash.com/random"},{"name":"Dance Contagion","startTime":1489313886186,"endTime":1489317017249,"img":"https://source.unsplash.com/random"},{"name":"Dance Fusion","startTime":1489343647799,"endTime":1489350350410,"img":"https://source.unsplash.com/random"},{"name":"Dance Vibrations","startTime":1489301848461,"endTime":1489302350993,"img":"https://source.unsplash.com/random"},{"name":"Dancellennium","startTime":1489282104714,"endTime":1489292084426,"img":"https://source.unsplash.com/random"},{"name":"Danceweekly","startTime":1489371674417,"endTime":1489375128303,"img":"https://source.unsplash.com/random"},{"name":"Darwin 911","startTime":1489299757363,"endTime":1489301415800,"img":"https://source.unsplash.com/random"},{"name":"Dawn of the Dead Festival","startTime":1489350957192,"endTime":1489358578908,"img":"https://source.unsplash.com/random"},{"name":"Deep Blue Scene","startTime":1489300740744,"endTime":1489302285634,"img":"https://source.unsplash.com/random"},{"name":"Deep Blue See","startTime":1489315770742,"endTime":1489319842765,"img":"https://source.unsplash.com/random"},{"name":"Deliveranch","startTime":1489364510543,"endTime":1489369772967,"img":"https://source.unsplash.com/random"},{"name":"Demonstration Sunday","startTime":1489292508941,"endTime":1489302114100,"img":"https://source.unsplash.com/random"},{"name":"Destination Destin","startTime":1489292029254,"endTime":1489295322268,"img":"https://source.unsplash.com/random"},{"name":"Dial-A-Smile","startTime":1489336232903,"endTime":1489340544184,"img":"https://source.unsplash.com/random"},{"name":"Digital Planet","startTime":1489308432476,"endTime":1489317063635,"img":"https://source.unsplash.com/random"},{"name":"DIGITALPARTY.COM","startTime":1489327291743,"endTime":1489335090716,"img":"https://source.unsplash.com/random"},{"name":"Dog Country","startTime":1489380190546,"endTime":1489381313869,"img":"https://source.unsplash.com/random"},{"name":"Dognost","startTime":1489354184783,"endTime":1489356851062,"img":"https://source.unsplash.com/random"},{"name":"Dot Circus","startTime":1489356679298,"endTime":1489365530446,"img":"https://source.unsplash.com/random"},{"name":"Dote","startTime":1489286229980,"endTime":1489296870777,"img":"https://source.unsplash.com/random"},{"name":"Dotting the Eyes","startTime":1489370095829,"endTime":1489371882730,"img":"https://source.unsplash.com/random"},{"name":"Drag Your Ass to Work Day","startTime":1489376707164,"endTime":1489378681935,"img":"https://source.unsplash.com/random"},{"name":"Dramantra","startTime":1489373034770,"endTime":1489376848235,"img":"https://source.unsplash.com/random"},{"name":"Drawing Dead and Loving it","startTime":1489310932812,"endTime":1489319037631,"img":"https://source.unsplash.com/random"},{"name":"Drinko de Mayo","startTime":1489294441261,"endTime":1489298712499,"img":"https://source.unsplash.com/random"},{"name":"Dude Raunch","startTime":1489365780658,"endTime":1489376380613,"img":"https://source.unsplash.com/random"},{"name":"Dutch Auction Rollover","startTime":1489321283682,"endTime":1489322981901,"img":"https://source.unsplash.com/random"},{"name":"e Me Up Scotty","startTime":1489339085648,"endTime":1489343436823,"img":"https://source.unsplash.com/random"},{"name":"Ear Scorn","startTime":1489291493846,"endTime":1489295122602,"img":"https://source.unsplash.com/random"},{"name":"Earfest.com","startTime":1489320324768,"endTime":1489330920006,"img":"https://source.unsplash.com/random"},{"name":"Earth Cup","startTime":1489362385704,"endTime":1489372979424,"img":"https://source.unsplash.com/random"},{"name":"Earth is Good Food","startTime":1489375649229,"endTime":1489382562622,"img":"https://source.unsplash.com/random"},{"name":"Elderdrama","startTime":1489366005779,"endTime":1489371934561,"img":"https://source.unsplash.com/random"},{"name":"Emperor’s R Us","startTime":1489286769697,"endTime":1489290583374,"img":"https://source.unsplash.com/random"},{"name":"Eternity Waltz","startTime":1489282424316,"endTime":1489290234998,"img":"https://source.unsplash.com/random"},{"name":"Event You All","startTime":1489315472070,"endTime":1489323220407,"img":"https://source.unsplash.com/random"},{"name":"Existential Boy’s Night Out","startTime":1489297304168,"endTime":1489306147468,"img":"https://source.unsplash.com/random"},{"name":"Exo Eccentric","startTime":1489326908572,"endTime":1489330373143,"img":"https://source.unsplash.com/random"},{"name":"Exo2000","startTime":1489373503078,"endTime":1489373920668,"img":"https://source.unsplash.com/random"},{"name":"Exoblue","startTime":1489361370458,"endTime":1489369653334,"img":"https://source.unsplash.com/random"},{"name":"ExoParty","startTime":1489331441574,"endTime":1489341965670,"img":"https://source.unsplash.com/random"},{"name":"ExoPlanet","startTime":1489348732683,"endTime":1489353634479,"img":"https://source.unsplash.com/random"},{"name":"Extinction Distinction","startTime":1489326230326,"endTime":1489332353685,"img":"https://source.unsplash.com/random"},{"name":"Faire Moan","startTime":1489327987894,"endTime":1489334344540,"img":"https://source.unsplash.com/random"},{"name":"Far Away Feast","startTime":1489312378512,"endTime":1489321447426,"img":"https://source.unsplash.com/random"},{"name":"Firebrand 500","startTime":1489287369686,"endTime":1489290131383,"img":"https://source.unsplash.com/random"},{"name":"Firefly Friends Children’s Fund","startTime":1489355903654,"endTime":1489365834174,"img":"https://source.unsplash.com/random"},{"name":"Flaming Tongue Whiskey Suckoff","startTime":1489323105582,"endTime":1489333487188,"img":"https://source.unsplash.com/random"},{"name":"Flannel Magic","startTime":1489334007239,"endTime":1489337167493,"img":"https://source.unsplash.com/random"},{"name":"Flash ’em in the Pants","startTime":1489339821610,"endTime":1489346038904,"img":"https://source.unsplash.com/random"},{"name":"FlyingRodeo","startTime":1489293044482,"endTime":1489300367741,"img":"https://source.unsplash.com/random"},{"name":"Foie Gras for Dummies","startTime":1489328729877,"endTime":1489334610605,"img":"https://source.unsplash.com/random"},{"name":"Food for Feet","startTime":1489352082719,"endTime":1489355224213,"img":"https://source.unsplash.com/random"},{"name":"Food Frolic","startTime":1489309105774,"endTime":1489315993768,"img":"https://source.unsplash.com/random"},{"name":"Fork in the Roadkill","startTime":1489318660748,"endTime":1489323835446,"img":"https://source.unsplash.com/random"},{"name":"Fornicon","startTime":1489344614106,"endTime":1489350715639,"img":"https://source.unsplash.com/random"},{"name":"Fornicult","startTime":1489346687165,"endTime":1489356858191,"img":"https://source.unsplash.com/random"},{"name":"Forty Five Kids, Hot Dogs and Spaghetti","startTime":1489365573640,"endTime":1489374329059,"img":"https://source.unsplash.com/random"},{"name":"Franchise Life","startTime":1489311231902,"endTime":1489318479183,"img":"https://source.unsplash.com/random"},{"name":"Free Form Woe","startTime":1489337653180,"endTime":1489345514089,"img":"https://source.unsplash.com/random"},{"name":"Freudian Events","startTime":1489282719584,"endTime":1489290165917,"img":"https://source.unsplash.com/random"},{"name":"Freud’s Follies","startTime":1489318725546,"endTime":1489324819694,"img":"https://source.unsplash.com/random"},{"name":"Future Engineers of Canada","startTime":1489321818093,"endTime":1489323186319,"img":"https://source.unsplash.com/random"},{"name":"Future Rodeo","startTime":1489296743936,"endTime":1489303346474,"img":"https://source.unsplash.com/random"},{"name":"Geekola","startTime":1489305615714,"endTime":1489305886165,"img":"https://source.unsplash.com/random"},{"name":"GeekSeek","startTime":1489307745641,"endTime":1489311523677,"img":"https://source.unsplash.com/random"},{"name":"Gems for Jesus","startTime":1489355893166,"endTime":1489355952292,"img":"https://source.unsplash.com/random"},{"name":"GhandiFest","startTime":1489287079086,"endTime":1489293961478,"img":"https://source.unsplash.com/random"},{"name":"Ginger Snapping","startTime":1489290047258,"endTime":1489296974874,"img":"https://source.unsplash.com/random"},{"name":"Glace Lass","startTime":1489377355860,"endTime":1489380339099,"img":"https://source.unsplash.com/random"},{"name":"Gliding Lights Children’s Fund","startTime":1489349654485,"endTime":1489359915436,"img":"https://source.unsplash.com/random"},{"name":"Glow Your Own","startTime":1489345473352,"endTime":1489347970640,"img":"https://source.unsplash.com/random"},{"name":"Go for the Juggler","startTime":1489293074327,"endTime":1489299900965,"img":"https://source.unsplash.com/random"},{"name":"Goon Boon","startTime":1489294880183,"endTime":1489298552780,"img":"https://source.unsplash.com/random"},{"name":"GoTee","startTime":1489362991483,"endTime":1489371743557,"img":"https://source.unsplash.com/random"},{"name":"Greenclick","startTime":1489346097298,"endTime":1489347138753,"img":"https://source.unsplash.com/random"},{"name":"Greenclicks","startTime":1489335942301,"endTime":1489343811744,"img":"https://source.unsplash.com/random"},{"name":"Gretels and Goths","startTime":1489308912838,"endTime":1489313278135,"img":"https://source.unsplash.com/random"},{"name":"Grill to Chill","startTime":1489379572164,"endTime":1489387817004,"img":"https://source.unsplash.com/random"},{"name":"HaikuFest","startTime":1489378564087,"endTime":1489386775904,"img":"https://source.unsplash.com/random"},{"name":"Halloween Howl","startTime":1489373659874,"endTime":1489375964440,"img":"https://source.unsplash.com/random"},{"name":"Hell 2Pay","startTime":1489348151822,"endTime":1489349231852,"img":"https://source.unsplash.com/random"},{"name":"HipHop Hooray","startTime":1489296194122,"endTime":1489302411411,"img":"https://source.unsplash.com/random"},{"name":"Hit the Good Books","startTime":1489312273444,"endTime":1489315836150,"img":"https://source.unsplash.com/random"},{"name":"Hoist the Local Rag","startTime":1489344832044,"endTime":1489346962179,"img":"https://source.unsplash.com/random"},{"name":"Home Plate Collection","startTime":1489292500372,"endTime":1489296887509,"img":"https://source.unsplash.com/random"},{"name":"Hoodie","startTime":1489366791266,"endTime":1489374610682,"img":"https://source.unsplash.com/random"},{"name":"Hope Grows Fondler","startTime":1489371396839,"endTime":1489378947098,"img":"https://source.unsplash.com/random"},{"name":"Howl Movement","startTime":1489331288347,"endTime":1489334890145,"img":"https://source.unsplash.com/random"},{"name":"Hunter’s Gathering","startTime":1489327464362,"endTime":1489333277208,"img":"https://source.unsplash.com/random"},{"name":"I Wood Knot No","startTime":1489318147178,"endTime":1489322136854,"img":"https://source.unsplash.com/random"},{"name":"Ice Cream Asocial","startTime":1489285455250,"endTime":1489292841729,"img":"https://source.unsplash.com/random"},{"name":"Ice Cream Socialism","startTime":1489295465904,"endTime":1489304746817,"img":"https://source.unsplash.com/random"},{"name":"Indian Summer","startTime":1489326556149,"endTime":1489331738865,"img":"https://source.unsplash.com/random"},{"name":"Inhale Satan","startTime":1489360804549,"endTime":1489366557460,"img":"https://source.unsplash.com/random"},{"name":"Inspire Choir","startTime":1489379901644,"endTime":1489388009529,"img":"https://source.unsplash.com/random"},{"name":"Interknack","startTime":1489356892037,"endTime":1489362388169,"img":"https://source.unsplash.com/random"},{"name":"Internet Eternity","startTime":1489356409073,"endTime":1489357660810,"img":"https://source.unsplash.com/random"},{"name":"Introducing the Inducing","startTime":1489338376466,"endTime":1489345899318,"img":"https://source.unsplash.com/random"},{"name":"Jalapeño Fire Waltz","startTime":1489376509166,"endTime":1489386352520,"img":"https://source.unsplash.com/random"},{"name":"Jean Jacket Pool","startTime":1489307203089,"endTime":1489310424304,"img":"https://source.unsplash.com/random"},{"name":"Jesus Drone","startTime":1489320906297,"endTime":1489323826584,"img":"https://source.unsplash.com/random"},{"name":"Jesus Jive","startTime":1489291663758,"endTime":1489299730509,"img":"https://source.unsplash.com/random"},{"name":"Jesus, Gandhi and Dan","startTime":1489308576057,"endTime":1489309688208,"img":"https://source.unsplash.com/random"},{"name":"Jigging Sinatra","startTime":1489311443394,"endTime":1489316095180,"img":"https://source.unsplash.com/random"},{"name":"Jimmy Buffet’s Granola Fantasy Canteen","startTime":1489367094579,"endTime":1489369129166,"img":"https://source.unsplash.com/random"},{"name":"Jumpstack","startTime":1489346022377,"endTime":1489352068222,"img":"https://source.unsplash.com/random"},{"name":"Just Nuptials","startTime":1489374153387,"endTime":1489376808923,"img":"https://source.unsplash.com/random"},{"name":"Just Say Know","startTime":1489323267864,"endTime":1489331552029,"img":"https://source.unsplash.com/random"},{"name":"Karma Farm","startTime":1489294871982,"endTime":1489295384660,"img":"https://source.unsplash.com/random"},{"name":"Kibbles and Kitsch","startTime":1489290396180,"endTime":1489290481102,"img":"https://source.unsplash.com/random"},{"name":"KidChat","startTime":1489377021431,"endTime":1489383997974,"img":"https://source.unsplash.com/random"},{"name":"KidsOnly","startTime":1489360249962,"endTime":1489370111824,"img":"https://source.unsplash.com/random"},{"name":"Kidstock","startTime":1489319290147,"endTime":1489320505541,"img":"https://source.unsplash.com/random"},{"name":"Kimono Open","startTime":1489285356120,"endTime":1489293207986,"img":"https://source.unsplash.com/random"},{"name":"Kinder Rock","startTime":1489307405544,"endTime":1489317781310,"img":"https://source.unsplash.com/random"},{"name":"Knit and Caboodle","startTime":1489331275096,"endTime":1489338643486,"img":"https://source.unsplash.com/random"},{"name":"Know Show","startTime":1489350704497,"endTime":1489356179897,"img":"https://source.unsplash.com/random"},{"name":"Knowledge World","startTime":1489334979573,"endTime":1489344502551,"img":"https://source.unsplash.com/random"},{"name":"Lambastica","startTime":1489309631506,"endTime":1489313763675,"img":"https://source.unsplash.com/random"},{"name":"Lands’ End of an Era","startTime":1489357993980,"endTime":1489362574408,"img":"https://source.unsplash.com/random"},{"name":"Le Petit Chef","startTime":1489298409491,"endTime":1489307563428,"img":"https://source.unsplash.com/random"},{"name":"Let’s Talk Turducken!","startTime":1489312884034,"endTime":1489313566183,"img":"https://source.unsplash.com/random"},{"name":"LightSpeed 3000","startTime":1489378103283,"endTime":1489381536235,"img":"https://source.unsplash.com/random"},{"name":"Lingo Bingo","startTime":1489341988959,"endTime":1489344876924,"img":"https://source.unsplash.com/random"},{"name":"Loco Motion","startTime":1489361300055,"endTime":1489366994240,"img":"https://source.unsplash.com/random"},{"name":"Loud and Queer","startTime":1489376949837,"endTime":1489377957703,"img":"https://source.unsplash.com/random"},{"name":"Lovely Lovely Two","startTime":1489325295024,"endTime":1489332149335,"img":"https://source.unsplash.com/random"},{"name":"LoveMusic","startTime":1489354445584,"endTime":1489359598355,"img":"https://source.unsplash.com/random"},{"name":"LP Youth – Leadership Program for Youth","startTime":1489352471816,"endTime":1489354919239,"img":"https://source.unsplash.com/random"},{"name":"Lutheran Luau","startTime":1489295172877,"endTime":1489304763075,"img":"https://source.unsplash.com/random"},{"name":"Mach Epoch","startTime":1489317427484,"endTime":1489324919349,"img":"https://source.unsplash.com/random"},{"name":"Market de Sade","startTime":1489291267040,"endTime":1489297891882,"img":"https://source.unsplash.com/random"},{"name":"Marmalade Parade","startTime":1489288069659,"endTime":1489295988798,"img":"https://source.unsplash.com/random"},{"name":"Martha’s Rump Roast","startTime":1489338353820,"endTime":1489344378602,"img":"https://source.unsplash.com/random"},{"name":"Mattermind","startTime":1489301804598,"endTime":1489303561754,"img":"https://source.unsplash.com/random"},{"name":"Miami Over Moon","startTime":1489293725124,"endTime":1489296713886,"img":"https://source.unsplash.com/random"},{"name":"Mighty Millennium – A Bash for 2000","startTime":1489363493587,"endTime":1489372920027,"img":"https://source.unsplash.com/random"},{"name":"Mississippi Moments","startTime":1489318274193,"endTime":1489322384164,"img":"https://source.unsplash.com/random"},{"name":"Mock Epoch","startTime":1489299613173,"endTime":1489301183157,"img":"https://source.unsplash.com/random"},{"name":"Moon Boon","startTime":1489375473452,"endTime":1489381364748,"img":"https://source.unsplash.com/random"},{"name":"Moonshine Wagon","startTime":1489377022663,"endTime":1489387600302,"img":"https://source.unsplash.com/random"},{"name":"Motovate","startTime":1489342728810,"endTime":1489345259480,"img":"https://source.unsplash.com/random"},{"name":"Motovation","startTime":1489357721279,"endTime":1489360419622,"img":"https://source.unsplash.com/random"},{"name":"Moxi Biloxi","startTime":1489332225846,"endTime":1489340366599,"img":"https://source.unsplash.com/random"},{"name":"MusiBlast","startTime":1489365150033,"endTime":1489371306345,"img":"https://source.unsplash.com/random"},{"name":"Mustang Mania","startTime":1489378147449,"endTime":1489379544945,"img":"https://source.unsplash.com/random"},{"name":"Native ET","startTime":1489287771774,"endTime":1489294343130,"img":"https://source.unsplash.com/random"},{"name":"Navel Grazing","startTime":1489296906646,"endTime":1489305315942,"img":"https://source.unsplash.com/random"},{"name":"Neils Particle Board","startTime":1489367204609,"endTime":1489376031549,"img":"https://source.unsplash.com/random"},{"name":"Neutron Bingo","startTime":1489292240853,"endTime":1489293553861,"img":"https://source.unsplash.com/random"},{"name":"New Whirled","startTime":1489359138617,"endTime":1489364574467,"img":"https://source.unsplash.com/random"},{"name":"New York Punks Polka under the Planets","startTime":1489299128133,"endTime":1489308734724,"img":"https://source.unsplash.com/random"},{"name":"Norse and Buggy","startTime":1489288206677,"endTime":1489298332091,"img":"https://source.unsplash.com/random"},{"name":"Nude Attitude","startTime":1489328591578,"endTime":1489332154085,"img":"https://source.unsplash.com/random"},{"name":"NYAccord","startTime":1489372916700,"endTime":1489375419431,"img":"https://source.unsplash.com/random"},{"name":"Objectify Your Future","startTime":1489347782737,"endTime":1489353220902,"img":"https://source.unsplash.com/random"},{"name":"Occasion Alice","startTime":1489337360730,"endTime":1489344831643,"img":"https://source.unsplash.com/random"},{"name":"Occasion Olly","startTime":1489336076534,"endTime":1489336703329,"img":"https://source.unsplash.com/random"},{"name":"Of Corsica","startTime":1489350585160,"endTime":1489360866752,"img":"https://source.unsplash.com/random"},{"name":"Of Mice and Mein","startTime":1489307867014,"endTime":1489318065169,"img":"https://source.unsplash.com/random"},{"name":"Oooh-Day","startTime":1489375537237,"endTime":1489381558516,"img":"https://source.unsplash.com/random"},{"name":"Open Arms Kimono","startTime":1489303805043,"endTime":1489312936187,"img":"https://source.unsplash.com/random"},{"name":"Open the Window","startTime":1489379821274,"endTime":1489388588545,"img":"https://source.unsplash.com/random"},{"name":"OpenDoor","startTime":1489343229462,"endTime":1489350613242,"img":"https://source.unsplash.com/random"},{"name":"Origin of the Pisces","startTime":1489336402827,"endTime":1489344446681,"img":"https://source.unsplash.com/random"},{"name":"Oy to the World","startTime":1489286004551,"endTime":1489294339269,"img":"https://source.unsplash.com/random"},{"name":"Paintstorm","startTime":1489304958874,"endTime":1489312688202,"img":"https://source.unsplash.com/random"},{"name":"Palms for Psalms","startTime":1489305460998,"endTime":1489311603166,"img":"https://source.unsplash.com/random"},{"name":"Passive Fest","startTime":1489317781425,"endTime":1489324972365,"img":"https://source.unsplash.com/random"},{"name":"Pasta la Vista","startTime":1489296620886,"endTime":1489299714347,"img":"https://source.unsplash.com/random"},{"name":"Peace by Peace","startTime":1489301572631,"endTime":1489301661536,"img":"https://source.unsplash.com/random"},{"name":"Peace is Good Food","startTime":1489331330434,"endTime":1489333864883,"img":"https://source.unsplash.com/random"},{"name":"Peace Love and Kitty Cats","startTime":1489356324136,"endTime":1489360829768,"img":"https://source.unsplash.com/random"},{"name":"Peace Meal","startTime":1489346445011,"endTime":1489347874260,"img":"https://source.unsplash.com/random"},{"name":"Peace of Cake","startTime":1489363621203,"endTime":1489366192007,"img":"https://source.unsplash.com/random"},{"name":"Peacemeal","startTime":1489346981135,"endTime":1489353438089,"img":"https://source.unsplash.com/random"},{"name":"Pheno Barbie Doll","startTime":1489328655581,"endTime":1489332786401,"img":"https://source.unsplash.com/random"},{"name":"Philidelphia Flux","startTime":1489313867385,"endTime":1489317969736,"img":"https://source.unsplash.com/random"},{"name":"Pick up the Peaces","startTime":1489355118341,"endTime":1489360214468,"img":"https://source.unsplash.com/random"},{"name":"Pigeon Wednesday","startTime":1489360837424,"endTime":1489363908551,"img":"https://source.unsplash.com/random"},{"name":"Pikachu and Hello Kitty Fight to the Death","startTime":1489325119454,"endTime":1489329020771,"img":"https://source.unsplash.com/random"},{"name":"Pineapple Day","startTime":1489326531379,"endTime":1489330173131,"img":"https://source.unsplash.com/random"},{"name":"Pipe Dreams","startTime":1489317719334,"endTime":1489323431041,"img":"https://source.unsplash.com/random"},{"name":"Piss Focus","startTime":1489306108390,"endTime":1489308217508,"img":"https://source.unsplash.com/random"},{"name":"Planet Africa","startTime":1489363410838,"endTime":1489363432848,"img":"https://source.unsplash.com/random"},{"name":"Plastic Fantastic","startTime":1489368783871,"endTime":1489379227966,"img":"https://source.unsplash.com/random"},{"name":"Plastic Planet","startTime":1489292580390,"endTime":1489296409192,"img":"https://source.unsplash.com/random"},{"name":"Poi Town & Country","startTime":1489299241540,"endTime":1489304090793,"img":"https://source.unsplash.com/random"},{"name":"Prawn Utopia","startTime":1489295751176,"endTime":1489301510012,"img":"https://source.unsplash.com/random"},{"name":"Prawnscape","startTime":1489292133037,"endTime":1489299283118,"img":"https://source.unsplash.com/random"},{"name":"Praying for Dollars","startTime":1489354715247,"endTime":1489357423529,"img":"https://source.unsplash.com/random"},{"name":"Pride Aside","startTime":1489376167918,"endTime":1489383098271,"img":"https://source.unsplash.com/random"},{"name":"Printo Supremo","startTime":1489305387777,"endTime":1489311517772,"img":"https://source.unsplash.com/random"},{"name":"Printorama","startTime":1489364918190,"endTime":1489367866642,"img":"https://source.unsplash.com/random"},{"name":"PrintPlosion","startTime":1489304780313,"endTime":1489307463271,"img":"https://source.unsplash.com/random"},{"name":"Project God","startTime":1489343526678,"endTime":1489351652652,"img":"https://source.unsplash.com/random"},{"name":"Prothopedic","startTime":1489296880757,"endTime":1489296972032,"img":"https://source.unsplash.com/random"},{"name":"Psychothon","startTime":1489341831842,"endTime":1489343172879,"img":"https://source.unsplash.com/random"},{"name":"Quake Dance","startTime":1489306628218,"endTime":1489313943265,"img":"https://source.unsplash.com/random"},{"name":"Quantifying Larry","startTime":1489291602259,"endTime":1489293652148,"img":"https://source.unsplash.com/random"},{"name":"Quatre-Vingts Morrison","startTime":1489345991368,"endTime":1489348221956,"img":"https://source.unsplash.com/random"},{"name":"Rack Wars","startTime":1489341522562,"endTime":1489349524493,"img":"https://source.unsplash.com/random"},{"name":"Raffle Your Feathers","startTime":1489324543229,"endTime":1489334173378,"img":"https://source.unsplash.com/random"},{"name":"Raindance Ranch","startTime":1489370896915,"endTime":1489380401616,"img":"https://source.unsplash.com/random"},{"name":"Ranch Cross Dressing","startTime":1489294690813,"endTime":1489300158240,"img":"https://source.unsplash.com/random"},{"name":"Rancho Merit","startTime":1489306295266,"endTime":1489310954293,"img":"https://source.unsplash.com/random"},{"name":"Rap Doodle","startTime":1489328056224,"endTime":1489333300744,"img":"https://source.unsplash.com/random"},{"name":"Reach for a Peace","startTime":1489344893018,"endTime":1489352236518,"img":"https://source.unsplash.com/random"},{"name":"Reach For Peace","startTime":1489365771939,"endTime":1489370162697,"img":"https://source.unsplash.com/random"},{"name":"Ready Fortune Teller","startTime":1489300944133,"endTime":1489305025559,"img":"https://source.unsplash.com/random"},{"name":"Reap the Mercury","startTime":1489354761749,"endTime":1489362248939,"img":"https://source.unsplash.com/random"},{"name":"Retro Plum","startTime":1489313877639,"endTime":1489322004694,"img":"https://source.unsplash.com/random"},{"name":"Retro Vile","startTime":1489365008391,"endTime":1489375016562,"img":"https://source.unsplash.com/random"},{"name":"Retro-Yo","startTime":1489287427592,"endTime":1489289940607,"img":"https://source.unsplash.com/random"},{"name":"Revering Paula","startTime":1489296113271,"endTime":1489298318744,"img":"https://source.unsplash.com/random"},{"name":"Ritual Wave","startTime":1489338498956,"endTime":1489346385950,"img":"https://source.unsplash.com/random"},{"name":"Rock Okra","startTime":1489282946439,"endTime":1489283200433,"img":"https://source.unsplash.com/random"},{"name":"Rogue Temptation","startTime":1489305824992,"endTime":1489308499062,"img":"https://source.unsplash.com/random"},{"name":"Roman Candle Empire","startTime":1489339292948,"endTime":1489342760157,"img":"https://source.unsplash.com/random"},{"name":"Sans Charo","startTime":1489283974031,"endTime":1489289530008,"img":"https://source.unsplash.com/random"},{"name":"Satelite Ranch","startTime":1489321809886,"endTime":1489325247231,"img":"https://source.unsplash.com/random"},{"name":"Scrap Opera","startTime":1489348725321,"endTime":1489357922654,"img":"https://source.unsplash.com/random"},{"name":"Screaming Tuesday","startTime":1489316092150,"endTime":1489321010945,"img":"https://source.unsplash.com/random"},{"name":"Sequin","startTime":1489314931955,"endTime":1489325517917,"img":"https://source.unsplash.com/random"},{"name":"Shock and Almonds","startTime":1489331661822,"endTime":1489338301760,"img":"https://source.unsplash.com/random"},{"name":"Shock Talk","startTime":1489295066568,"endTime":1489305085591,"img":"https://source.unsplash.com/random"},{"name":"Shovel Up and Buck","startTime":1489379087529,"endTime":1489386587836,"img":"https://source.unsplash.com/random"},{"name":"Sip and Shout","startTime":1489355034863,"endTime":1489359574939,"img":"https://source.unsplash.com/random"},{"name":"Sisters and Blisters","startTime":1489357198346,"endTime":1489362831546,"img":"https://source.unsplash.com/random"},{"name":"Slam Banjo","startTime":1489337386634,"endTime":1489341781957,"img":"https://source.unsplash.com/random"},{"name":"Smart Ask","startTime":1489301523439,"endTime":1489306895594,"img":"https://source.unsplash.com/random"},{"name":"Smelt and a Smile","startTime":1489381495586,"endTime":1489384284942,"img":"https://source.unsplash.com/random"},{"name":"Smokin’ the Data","startTime":1489285810307,"endTime":1489295189968,"img":"https://source.unsplash.com/random"},{"name":"Smores and Greedy Ants","startTime":1489333323637,"endTime":1489334420047,"img":"https://source.unsplash.com/random"},{"name":"Snow Lights","startTime":1489322689608,"endTime":1489324662441,"img":"https://source.unsplash.com/random"},{"name":"So So Toboso","startTime":1489296167431,"endTime":1489297346688,"img":"https://source.unsplash.com/random"},{"name":"Solar Bingo","startTime":1489370692204,"endTime":1489378099662,"img":"https://source.unsplash.com/random"},{"name":"Soma Night","startTime":1489353699445,"endTime":1489363699232,"img":"https://source.unsplash.com/random"},{"name":"Soul You Know","startTime":1489304908967,"endTime":1489313724566,"img":"https://source.unsplash.com/random"},{"name":"Soup Opera","startTime":1489329012902,"endTime":1489337402352,"img":"https://source.unsplash.com/random"},{"name":"Speedbolt","startTime":1489358524383,"endTime":1489360496531,"img":"https://source.unsplash.com/random"},{"name":"Spring-A-Ding","startTime":1489327452218,"endTime":1489333459873,"img":"https://source.unsplash.com/random"},{"name":"Spring-A-Ling","startTime":1489284628070,"endTime":1489285190993,"img":"https://source.unsplash.com/random"},{"name":"SpringAlong","startTime":1489353719069,"endTime":1489361824329,"img":"https://source.unsplash.com/random"},{"name":"SpringJam","startTime":1489351261089,"endTime":1489359539302,"img":"https://source.unsplash.com/random"},{"name":"SpringSing","startTime":1489339544946,"endTime":1489345447940,"img":"https://source.unsplash.com/random"},{"name":"Sprit of the Arts","startTime":1489294151951,"endTime":1489302320760,"img":"https://source.unsplash.com/random"},{"name":"Steps Into Living","startTime":1489325292261,"endTime":1489334886110,"img":"https://source.unsplash.com/random"},{"name":"Stride for Life","startTime":1489312010549,"endTime":1489316544639,"img":"https://source.unsplash.com/random"},{"name":"Striders on the Storm","startTime":1489285306506,"endTime":1489286620809,"img":"https://source.unsplash.com/random"},{"name":"Striding Light","startTime":1489329572813,"endTime":1489334491740,"img":"https://source.unsplash.com/random"},{"name":"Subterfuse","startTime":1489381692767,"endTime":1489382178804,"img":"https://source.unsplash.com/random"},{"name":"Summer of Prawns","startTime":1489373478521,"endTime":1489383883335,"img":"https://source.unsplash.com/random"},{"name":"Super Ciao","startTime":1489357352451,"endTime":1489364137876,"img":"https://source.unsplash.com/random"},{"name":"Survival of the Fattest","startTime":1489284645638,"endTime":1489288440936,"img":"https://source.unsplash.com/random"},{"name":"Sympathy Slosh","startTime":1489337153425,"endTime":1489337777193,"img":"https://source.unsplash.com/random"},{"name":"Tahoe a Go Go","startTime":1489347236632,"endTime":1489355497025,"img":"https://source.unsplash.com/random"},{"name":"Tall Tales and Nightingales","startTime":1489295972347,"endTime":1489299240846,"img":"https://source.unsplash.com/random"},{"name":"Tango Latté","startTime":1489306988875,"endTime":1489317168783,"img":"https://source.unsplash.com/random"},{"name":"Té Tango","startTime":1489288348753,"endTime":1489291704320,"img":"https://source.unsplash.com/random"},{"name":"Teaming with Success","startTime":1489336479428,"endTime":1489347170376,"img":"https://source.unsplash.com/random"},{"name":"Technoasis","startTime":1489330188954,"endTime":1489334874490,"img":"https://source.unsplash.com/random"},{"name":"Telethong","startTime":1489303463289,"endTime":1489307191137,"img":"https://source.unsplash.com/random"},{"name":"Telluride Glide","startTime":1489371898134,"endTime":1489376689745,"img":"https://source.unsplash.com/random"},{"name":"Tellurider","startTime":1489378971772,"endTime":1489387616124,"img":"https://source.unsplash.com/random"},{"name":"That’s the Wrong Bong","startTime":1489346502456,"endTime":1489355281873,"img":"https://source.unsplash.com/random"},{"name":"The Bakery Rave","startTime":1489328412715,"endTime":1489333380149,"img":"https://source.unsplash.com/random"},{"name":"The Buffoon Buffet","startTime":1489309574777,"endTime":1489310609056,"img":"https://source.unsplash.com/random"},{"name":"The Feast or Famine","startTime":1489344302261,"endTime":1489350735289,"img":"https://source.unsplash.com/random"},{"name":"The Great Bovine Picnic","startTime":1489289721037,"endTime":1489298970743,"img":"https://source.unsplash.com/random"},{"name":"The Hermit Wars","startTime":1489340074923,"endTime":1489340085523,"img":"https://source.unsplash.com/random"},{"name":"The Hip Knows Therapy","startTime":1489329288744,"endTime":1489333168342,"img":"https://source.unsplash.com/random"},{"name":"The Loop","startTime":1489362388933,"endTime":1489371341192,"img":"https://source.unsplash.com/random"},{"name":"The Million Mime March","startTime":1489296613253,"endTime":1489306273624,"img":"https://source.unsplash.com/random"},{"name":"The Monte Magum","startTime":1489342304062,"endTime":1489352161764,"img":"https://source.unsplash.com/random"},{"name":"The Nature of Nurture","startTime":1489323022725,"endTime":1489323316395,"img":"https://source.unsplash.com/random"},{"name":"The New Abnormal","startTime":1489327990558,"endTime":1489335187644,"img":"https://source.unsplash.com/random"},{"name":"The Point of Known Return","startTime":1489309691512,"endTime":1489311432406,"img":"https://source.unsplash.com/random"},{"name":"The Summit for Performance","startTime":1489292298970,"endTime":1489292761334,"img":"https://source.unsplash.com/random"},{"name":"The World at Extra Large","startTime":1489358449974,"endTime":1489359168718,"img":"https://source.unsplash.com/random"},{"name":"This Damn Planet","startTime":1489356464510,"endTime":1489359101294,"img":"https://source.unsplash.com/random"},{"name":"Thong-a-Thon","startTime":1489367424787,"endTime":1489375710393,"img":"https://source.unsplash.com/random"},{"name":"Thread the Noodle","startTime":1489343006774,"endTime":1489352426698,"img":"https://source.unsplash.com/random"},{"name":"Throng-a-Thon","startTime":1489379197648,"endTime":1489383782344,"img":"https://source.unsplash.com/random"},{"name":"Tone Bone","startTime":1489345871388,"endTime":1489351761563,"img":"https://source.unsplash.com/random"},{"name":"Tornado Picnic","startTime":1489292037888,"endTime":1489295490061,"img":"https://source.unsplash.com/random"},{"name":"Tornado Rodeo","startTime":1489311841667,"endTime":1489319140204,"img":"https://source.unsplash.com/random"},{"name":"Tres Huggers","startTime":1489296189710,"endTime":1489303506422,"img":"https://source.unsplash.com/random"},{"name":"Trinity Trona","startTime":1489379383843,"endTime":1489390167840,"img":"https://source.unsplash.com/random"},{"name":"Trotting Ham Phallus","startTime":1489377522493,"endTime":1489380683582,"img":"https://source.unsplash.com/random"},{"name":"Tunapocalypse","startTime":1489321817933,"endTime":1489328725975,"img":"https://source.unsplash.com/random"},{"name":"Tussle In Tuscany","startTime":1489282259586,"endTime":1489285898331,"img":"https://source.unsplash.com/random"},{"name":"Tyrannosaurus Rocks!","startTime":1489304484932,"endTime":1489307650832,"img":"https://source.unsplash.com/random"},{"name":"Uberlux","startTime":1489299345617,"endTime":1489309050317,"img":"https://source.unsplash.com/random"},{"name":"Umpa Lava","startTime":1489336291836,"endTime":1489340943755,"img":"https://source.unsplash.com/random"},{"name":"Virtual Rodeo","startTime":1489324190729,"endTime":1489325716429,"img":"https://source.unsplash.com/random"},{"name":"Visionary Summit","startTime":1489365037573,"endTime":1489373680810,"img":"https://source.unsplash.com/random"},{"name":"Vow Vagner","startTime":1489340513901,"endTime":1489344560776,"img":"https://source.unsplash.com/random"},{"name":"Wall Street on 100 Shares a Day","startTime":1489344374193,"endTime":1489355087553,"img":"https://source.unsplash.com/random"},{"name":"Waltzing Meridian","startTime":1489300072183,"endTime":1489302185840,"img":"https://source.unsplash.com/random"},{"name":"Waltzing with Eternity","startTime":1489342067364,"endTime":1489345530243,"img":"https://source.unsplash.com/random"},{"name":"War on Peas","startTime":1489323263655,"endTime":1489328008115,"img":"https://source.unsplash.com/random"},{"name":"Wasabi Eating Contest","startTime":1489289736519,"endTime":1489290574281,"img":"https://source.unsplash.com/random"},{"name":"Water Rodeo","startTime":1489327250688,"endTime":1489331013259,"img":"https://source.unsplash.com/random"},{"name":"Watts Happening","startTime":1489285764338,"endTime":1489292207978,"img":"https://source.unsplash.com/random"},{"name":"Weepers for Progress","startTime":1489294096306,"endTime":1489304273537,"img":"https://source.unsplash.com/random"},{"name":"Welcome Young Yankees","startTime":1489334200160,"endTime":1489337336784,"img":"https://source.unsplash.com/random"},{"name":"Well2K","startTime":1489316294673,"endTime":1489319688641,"img":"https://source.unsplash.com/random"},{"name":"Wellness 2000","startTime":1489313192754,"endTime":1489315897023,"img":"https://source.unsplash.com/random"},{"name":"Wes World","startTime":1489289232681,"endTime":1489290390143,"img":"https://source.unsplash.com/random"},{"name":"Wet the People","startTime":1489300166399,"endTime":1489307051746,"img":"https://source.unsplash.com/random"},{"name":"Who’d a Thong?","startTime":1489377064055,"endTime":1489380298254,"img":"https://source.unsplash.com/random"},{"name":"Whoopie Birthday","startTime":1489291407963,"endTime":1489298343930,"img":"https://source.unsplash.com/random"},{"name":"Why Hawaii?","startTime":1489317556911,"endTime":1489325511357,"img":"https://source.unsplash.com/random"},{"name":"Why Solvang?","startTime":1489362216116,"endTime":1489364031553,"img":"https://source.unsplash.com/random"},{"name":"Wig Week","startTime":1489379378368,"endTime":1489382355163,"img":"https://source.unsplash.com/random"},{"name":"Wisdom Tooth Convention","startTime":1489311460018,"endTime":1489311769775,"img":"https://source.unsplash.com/random"},{"name":"Wise and in the Way","startTime":1489315046496,"endTime":1489317541222,"img":"https://source.unsplash.com/random"},{"name":"Wit Knee Bisexual","startTime":1489303309221,"endTime":1489313898498,"img":"https://source.unsplash.com/random"},{"name":"Wonka Renewal","startTime":1489306063896,"endTime":1489309315351,"img":"https://source.unsplash.com/random"},{"name":"XORCat 5000","startTime":1489298247443,"endTime":1489300279342,"img":"https://source.unsplash.com/random"},{"name":"Ye Old Neil Young","startTime":1489319533310,"endTime":1489322896438,"img":"https://source.unsplash.com/random"},{"name":"Yes Sir Rotisserie","startTime":1489290882135,"endTime":1489299079487,"img":"https://source.unsplash.com/random"},{"name":"Yester Yore","startTime":1489359408401,"endTime":1489366614755,"img":"https://source.unsplash.com/random"},{"name":"Yogasm","startTime":1489352106287,"endTime":1489356628005,"img":"https://source.unsplash.com/random"},{"name":"YOU TURN – Leadership Program for Youth","startTime":1489357471669,"endTime":1489359232638,"img":"https://source.unsplash.com/random"},{"name":"Youth MP – Mentorship Program for Youth","startTime":1489305800996,"endTime":1489314636725,"img":"https://source.unsplash.com/random"},{"name":"YouthZest","startTime":1489330854688,"endTime":1489332286536,"img":"https://source.unsplash.com/random"},{"name":"Yucatango","startTime":1489308482463,"endTime":1489318935259,"img":"https://source.unsplash.com/random"}]